le,le disc,1,2,3,4,5,6,7,8,9,10,11,12,13,14,15,16,17,18,19,20,21,22,23,24,25,26,27,28,29,30,31,32,33,34,35,36,37,38,39,40,41,42,43,44,45,46,47,48,49,50,51,52,53,54,55,56,57,58,59,60,61,62,63,64,65,66,67,68,69,70,71,72,73,74,75,76,77,78,79,80,81,82,83,84,85,86,87,88,89,90,91,92,93,94,95,96,97,98,99,100
,0,0,0,0,0,0,0,0,0,0,0,0,0,0,0,0,0,0,0,0,0,0,0,0,0,0,0,0,0,0,0,0,0,0,0,0,0,0,0,0,0,0,0,0,0,0,0,0,0,0,0,0,0,0,0,0,0,0,0,0,0,0,0,0,0,0,0,0,0,0,0,0,0,0,0,0,0,0,0,0,0,0,0,0,0,0,0,0,0,0,0,0,0,0,0,0,0,0,0,0,0
2,1.896225,0.965,0.931225,0,0,0,0,0,0,0,0,0,0,0,0,0,0,0,0,0,0,0,0,0,0,0,0,0,0,0,0,0,0,0,0,0,0,0,0,0,0,0,0,0,0,0,0,0,0,0,0,0,0,0,0,0,0,0,0,0,0,0,0,0,0,0,0,0,0,0,0,0,0,0,0,0,0,0,0,0,0,0,0,0,0,0,0,0,0,0,0,0,0,0,0,0,0,0,0,0,0
3,2.794857125,0.965,0.931225,0.898632125,0,0,0,0,0,0,0,0,0,0,0,0,0,0,0,0,0,0,0,0,0,0,0,0,0,0,0,0,0,0,0,0,0,0,0,0,0,0,0,0,0,0,0,0,0,0,0,0,0,0,0,0,0,0,0,0,0,0,0,0,0,0,0,0,0,0,0,0,0,0,0,0,0,0,0,0,0,0,0,0,0,0,0,0,0,0,0,0,0,0,0,0,0,0,0,0,0
4,3.662037126,0.965,0.931225,0.898632125,0.867180001,0,0,0,0,0,0,0,0,0,0,0,0,0,0,0,0,0,0,0,0,0,0,0,0,0,0,0,0,0,0,0,0,0,0,0,0,0,0,0,0,0,0,0,0,0,0,0,0,0,0,0,0,0,0,0,0,0,0,0,0,0,0,0,0,0,0,0,0,0,0,0,0,0,0,0,0,0,0,0,0,0,0,0,0,0,0,0,0,0,0,0,0,0,0,0,0
5,4.498865826,0.965,0.931225,0.898632125,0.867180001,0.836828701,0,0,0,0,0,0,0,0,0,0,0,0,0,0,0,0,0,0,0,0,0,0,0,0,0,0,0,0,0,0,0,0,0,0,0,0,0,0,0,0,0,0,0,0,0,0,0,0,0,0,0,0,0,0,0,0,0,0,0,0,0,0,0,0,0,0,0,0,0,0,0,0,0,0,0,0,0,0,0,0,0,0,0,0,0,0,0,0,0,0,0,0,0,0,0
6,5.306405522,0.965,0.931225,0.898632125,0.867180001,0.836828701,0.807539696,0,0,0,0,0,0,0,0,0,0,0,0,0,0,0,0,0,0,0,0,0,0,0,0,0,0,0,0,0,0,0,0,0,0,0,0,0,0,0,0,0,0,0,0,0,0,0,0,0,0,0,0,0,0,0,0,0,0,0,0,0,0,0,0,0,0,0,0,0,0,0,0,0,0,0,0,0,0,0,0,0,0,0,0,0,0,0,0,0,0,0,0,0,0
7,6.085681329,0.965,0.931225,0.898632125,0.867180001,0.836828701,0.807539696,0.779275807,0,0,0,0,0,0,0,0,0,0,0,0,0,0,0,0,0,0,0,0,0,0,0,0,0,0,0,0,0,0,0,0,0,0,0,0,0,0,0,0,0,0,0,0,0,0,0,0,0,0,0,0,0,0,0,0,0,0,0,0,0,0,0,0,0,0,0,0,0,0,0,0,0,0,0,0,0,0,0,0,0,0,0,0,0,0,0,0,0,0,0,0,0
8,6.837682483,0.965,0.931225,0.898632125,0.867180001,0.836828701,0.807539696,0.779275807,0.752001153,0,0,0,0,0,0,0,0,0,0,0,0,0,0,0,0,0,0,0,0,0,0,0,0,0,0,0,0,0,0,0,0,0,0,0,0,0,0,0,0,0,0,0,0,0,0,0,0,0,0,0,0,0,0,0,0,0,0,0,0,0,0,0,0,0,0,0,0,0,0,0,0,0,0,0,0,0,0,0,0,0,0,0,0,0,0,0,0,0,0,0,0
9,7.563363596,0.965,0.931225,0.898632125,0.867180001,0.836828701,0.807539696,0.779275807,0.752001153,0.725681113,0,0,0,0,0,0,0,0,0,0,0,0,0,0,0,0,0,0,0,0,0,0,0,0,0,0,0,0,0,0,0,0,0,0,0,0,0,0,0,0,0,0,0,0,0,0,0,0,0,0,0,0,0,0,0,0,0,0,0,0,0,0,0,0,0,0,0,0,0,0,0,0,0,0,0,0,0,0,0,0,0,0,0,0,0,0,0,0,0,0,0
10,8.26364587,0.965,0.931225,0.898632125,0.867180001,0.836828701,0.807539696,0.779275807,0.752001153,0.725681113,0.700282274,0,0,0,0,0,0,0,0,0,0,0,0,0,0,0,0,0,0,0,0,0,0,0,0,0,0,0,0,0,0,0,0,0,0,0,0,0,0,0,0,0,0,0,0,0,0,0,0,0,0,0,0,0,0,0,0,0,0,0,0,0,0,0,0,0,0,0,0,0,0,0,0,0,0,0,0,0,0,0,0,0,0,0,0,0,0,0,0,0,0
11,8.939418264,0.965,0.931225,0.898632125,0.867180001,0.836828701,0.807539696,0.779275807,0.752001153,0.725681113,0.700282274,0.675772395,0,0,0,0,0,0,0,0,0,0,0,0,0,0,0,0,0,0,0,0,0,0,0,0,0,0,0,0,0,0,0,0,0,0,0,0,0,0,0,0,0,0,0,0,0,0,0,0,0,0,0,0,0,0,0,0,0,0,0,0,0,0,0,0,0,0,0,0,0,0,0,0,0,0,0,0,0,0,0,0,0,0,0,0,0,0,0,0,0
12,9.591538625,0.965,0.931225,0.898632125,0.867180001,0.836828701,0.807539696,0.779275807,0.752001153,0.725681113,0.700282274,0.675772395,0.652120361,0,0,0,0,0,0,0,0,0,0,0,0,0,0,0,0,0,0,0,0,0,0,0,0,0,0,0,0,0,0,0,0,0,0,0,0,0,0,0,0,0,0,0,0,0,0,0,0,0,0,0,0,0,0,0,0,0,0,0,0,0,0,0,0,0,0,0,0,0,0,0,0,0,0,0,0,0,0,0,0,0,0,0,0,0,0,0,0
13,10.22083477,0.965,0.931225,0.898632125,0.867180001,0.836828701,0.807539696,0.779275807,0.752001153,0.725681113,0.700282274,0.675772395,0.652120361,0.629296148,0,0,0,0,0,0,0,0,0,0,0,0,0,0,0,0,0,0,0,0,0,0,0,0,0,0,0,0,0,0,0,0,0,0,0,0,0,0,0,0,0,0,0,0,0,0,0,0,0,0,0,0,0,0,0,0,0,0,0,0,0,0,0,0,0,0,0,0,0,0,0,0,0,0,0,0,0,0,0,0,0,0,0,0,0,0,0
14,10.82810556,0.965,0.931225,0.898632125,0.867180001,0.836828701,0.807539696,0.779275807,0.752001153,0.725681113,0.700282274,0.675772395,0.652120361,0.629296148,0.607270783,0,0,0,0,0,0,0,0,0,0,0,0,0,0,0,0,0,0,0,0,0,0,0,0,0,0,0,0,0,0,0,0,0,0,0,0,0,0,0,0,0,0,0,0,0,0,0,0,0,0,0,0,0,0,0,0,0,0,0,0,0,0,0,0,0,0,0,0,0,0,0,0,0,0,0,0,0,0,0,0,0,0,0,0,0,0
15,11.41412186,0.965,0.931225,0.898632125,0.867180001,0.836828701,0.807539696,0.779275807,0.752001153,0.725681113,0.700282274,0.675772395,0.652120361,0.629296148,0.607270783,0.586016306,0,0,0,0,0,0,0,0,0,0,0,0,0,0,0,0,0,0,0,0,0,0,0,0,0,0,0,0,0,0,0,0,0,0,0,0,0,0,0,0,0,0,0,0,0,0,0,0,0,0,0,0,0,0,0,0,0,0,0,0,0,0,0,0,0,0,0,0,0,0,0,0,0,0,0,0,0,0,0,0,0,0,0,0,0
16,11.9796276,0.965,0.931225,0.898632125,0.867180001,0.836828701,0.807539696,0.779275807,0.752001153,0.725681113,0.700282274,0.675772395,0.652120361,0.629296148,0.607270783,0.586016306,0.565505735,0,0,0,0,0,0,0,0,0,0,0,0,0,0,0,0,0,0,0,0,0,0,0,0,0,0,0,0,0,0,0,0,0,0,0,0,0,0,0,0,0,0,0,0,0,0,0,0,0,0,0,0,0,0,0,0,0,0,0,0,0,0,0,0,0,0,0,0,0,0,0,0,0,0,0,0,0,0,0,0,0,0,0,0
17,12.52534063,0.965,0.931225,0.898632125,0.867180001,0.836828701,0.807539696,0.779275807,0.752001153,0.725681113,0.700282274,0.675772395,0.652120361,0.629296148,0.607270783,0.586016306,0.565505735,0.545713034,0,0,0,0,0,0,0,0,0,0,0,0,0,0,0,0,0,0,0,0,0,0,0,0,0,0,0,0,0,0,0,0,0,0,0,0,0,0,0,0,0,0,0,0,0,0,0,0,0,0,0,0,0,0,0,0,0,0,0,0,0,0,0,0,0,0,0,0,0,0,0,0,0,0,0,0,0,0,0,0,0,0,0
18,13.05195371,0.965,0.931225,0.898632125,0.867180001,0.836828701,0.807539696,0.779275807,0.752001153,0.725681113,0.700282274,0.675772395,0.652120361,0.629296148,0.607270783,0.586016306,0.565505735,0.545713034,0.526613078,0,0,0,0,0,0,0,0,0,0,0,0,0,0,0,0,0,0,0,0,0,0,0,0,0,0,0,0,0,0,0,0,0,0,0,0,0,0,0,0,0,0,0,0,0,0,0,0,0,0,0,0,0,0,0,0,0,0,0,0,0,0,0,0,0,0,0,0,0,0,0,0,0,0,0,0,0,0,0,0,0,0
19,13.56013533,0.965,0.931225,0.898632125,0.867180001,0.836828701,0.807539696,0.779275807,0.752001153,0.725681113,0.700282274,0.675772395,0.652120361,0.629296148,0.607270783,0.586016306,0.565505735,0.545713034,0.526613078,0.50818162,0,0,0,0,0,0,0,0,0,0,0,0,0,0,0,0,0,0,0,0,0,0,0,0,0,0,0,0,0,0,0,0,0,0,0,0,0,0,0,0,0,0,0,0,0,0,0,0,0,0,0,0,0,0,0,0,0,0,0,0,0,0,0,0,0,0,0,0,0,0,0,0,0,0,0,0,0,0,0,0,0
20,14.05053059,0.965,0.931225,0.898632125,0.867180001,0.836828701,0.807539696,0.779275807,0.752001153,0.725681113,0.700282274,0.675772395,0.652120361,0.629296148,0.607270783,0.586016306,0.565505735,0.545713034,0.526613078,0.50818162,0.490395263,0,0,0,0,0,0,0,0,0,0,0,0,0,0,0,0,0,0,0,0,0,0,0,0,0,0,0,0,0,0,0,0,0,0,0,0,0,0,0,0,0,0,0,0,0,0,0,0,0,0,0,0,0,0,0,0,0,0,0,0,0,0,0,0,0,0,0,0,0,0,0,0,0,0,0,0,0,0,0,0
21,14.52376202,0.965,0.931225,0.898632125,0.867180001,0.836828701,0.807539696,0.779275807,0.752001153,0.725681113,0.700282274,0.675772395,0.652120361,0.629296148,0.607270783,0.586016306,0.565505735,0.545713034,0.526613078,0.50818162,0.490395263,0.473231429,0,0,0,0,0,0,0,0,0,0,0,0,0,0,0,0,0,0,0,0,0,0,0,0,0,0,0,0,0,0,0,0,0,0,0,0,0,0,0,0,0,0,0,0,0,0,0,0,0,0,0,0,0,0,0,0,0,0,0,0,0,0,0,0,0,0,0,0,0,0,0,0,0,0,0,0,0,0,0
22,14.98043035,0.965,0.931225,0.898632125,0.867180001,0.836828701,0.807539696,0.779275807,0.752001153,0.725681113,0.700282274,0.675772395,0.652120361,0.629296148,0.607270783,0.586016306,0.565505735,0.545713034,0.526613078,0.50818162,0.490395263,0.473231429,0.456668329,0,0,0,0,0,0,0,0,0,0,0,0,0,0,0,0,0,0,0,0,0,0,0,0,0,0,0,0,0,0,0,0,0,0,0,0,0,0,0,0,0,0,0,0,0,0,0,0,0,0,0,0,0,0,0,0,0,0,0,0,0,0,0,0,0,0,0,0,0,0,0,0,0,0,0,0,0,0
23,15.42111529,0.965,0.931225,0.898632125,0.867180001,0.836828701,0.807539696,0.779275807,0.752001153,0.725681113,0.700282274,0.675772395,0.652120361,0.629296148,0.607270783,0.586016306,0.565505735,0.545713034,0.526613078,0.50818162,0.490395263,0.473231429,0.456668329,0.440684938,0,0,0,0,0,0,0,0,0,0,0,0,0,0,0,0,0,0,0,0,0,0,0,0,0,0,0,0,0,0,0,0,0,0,0,0,0,0,0,0,0,0,0,0,0,0,0,0,0,0,0,0,0,0,0,0,0,0,0,0,0,0,0,0,0,0,0,0,0,0,0,0,0,0,0,0,0
24,15.84637625,0.965,0.931225,0.898632125,0.867180001,0.836828701,0.807539696,0.779275807,0.752001153,0.725681113,0.700282274,0.675772395,0.652120361,0.629296148,0.607270783,0.586016306,0.565505735,0.545713034,0.526613078,0.50818162,0.490395263,0.473231429,0.456668329,0.440684938,0.425260965,0,0,0,0,0,0,0,0,0,0,0,0,0,0,0,0,0,0,0,0,0,0,0,0,0,0,0,0,0,0,0,0,0,0,0,0,0,0,0,0,0,0,0,0,0,0,0,0,0,0,0,0,0,0,0,0,0,0,0,0,0,0,0,0,0,0,0,0,0,0,0,0,0,0,0,0
25,16.25675308,0.965,0.931225,0.898632125,0.867180001,0.836828701,0.807539696,0.779275807,0.752001153,0.725681113,0.700282274,0.675772395,0.652120361,0.629296148,0.607270783,0.586016306,0.565505735,0.545713034,0.526613078,0.50818162,0.490395263,0.473231429,0.456668329,0.440684938,0.425260965,0.410376831,0,0,0,0,0,0,0,0,0,0,0,0,0,0,0,0,0,0,0,0,0,0,0,0,0,0,0,0,0,0,0,0,0,0,0,0,0,0,0,0,0,0,0,0,0,0,0,0,0,0,0,0,0,0,0,0,0,0,0,0,0,0,0,0,0,0,0,0,0,0,0,0,0,0,0
26,16.65276673,0.965,0.931225,0.898632125,0.867180001,0.836828701,0.807539696,0.779275807,0.752001153,0.725681113,0.700282274,0.675772395,0.652120361,0.629296148,0.607270783,0.586016306,0.565505735,0.545713034,0.526613078,0.50818162,0.490395263,0.473231429,0.456668329,0.440684938,0.425260965,0.410376831,0.396013642,0,0,0,0,0,0,0,0,0,0,0,0,0,0,0,0,0,0,0,0,0,0,0,0,0,0,0,0,0,0,0,0,0,0,0,0,0,0,0,0,0,0,0,0,0,0,0,0,0,0,0,0,0,0,0,0,0,0,0,0,0,0,0,0,0,0,0,0,0,0,0,0,0,0
27,17.03491989,0.965,0.931225,0.898632125,0.867180001,0.836828701,0.807539696,0.779275807,0.752001153,0.725681113,0.700282274,0.675772395,0.652120361,0.629296148,0.607270783,0.586016306,0.565505735,0.545713034,0.526613078,0.50818162,0.490395263,0.473231429,0.456668329,0.440684938,0.425260965,0.410376831,0.396013642,0.382153165,0,0,0,0,0,0,0,0,0,0,0,0,0,0,0,0,0,0,0,0,0,0,0,0,0,0,0,0,0,0,0,0,0,0,0,0,0,0,0,0,0,0,0,0,0,0,0,0,0,0,0,0,0,0,0,0,0,0,0,0,0,0,0,0,0,0,0,0,0,0,0,0,0
28,17.40369769,0.965,0.931225,0.898632125,0.867180001,0.836828701,0.807539696,0.779275807,0.752001153,0.725681113,0.700282274,0.675772395,0.652120361,0.629296148,0.607270783,0.586016306,0.565505735,0.545713034,0.526613078,0.50818162,0.490395263,0.473231429,0.456668329,0.440684938,0.425260965,0.410376831,0.396013642,0.382153165,0.368777804,0,0,0,0,0,0,0,0,0,0,0,0,0,0,0,0,0,0,0,0,0,0,0,0,0,0,0,0,0,0,0,0,0,0,0,0,0,0,0,0,0,0,0,0,0,0,0,0,0,0,0,0,0,0,0,0,0,0,0,0,0,0,0,0,0,0,0,0,0,0,0,0
29,17.75956828,0.965,0.931225,0.898632125,0.867180001,0.836828701,0.807539696,0.779275807,0.752001153,0.725681113,0.700282274,0.675772395,0.652120361,0.629296148,0.607270783,0.586016306,0.565505735,0.545713034,0.526613078,0.50818162,0.490395263,0.473231429,0.456668329,0.440684938,0.425260965,0.410376831,0.396013642,0.382153165,0.368777804,0.355870581,0,0,0,0,0,0,0,0,0,0,0,0,0,0,0,0,0,0,0,0,0,0,0,0,0,0,0,0,0,0,0,0,0,0,0,0,0,0,0,0,0,0,0,0,0,0,0,0,0,0,0,0,0,0,0,0,0,0,0,0,0,0,0,0,0,0,0,0,0,0,0
30,18.10298339,0.965,0.931225,0.898632125,0.867180001,0.836828701,0.807539696,0.779275807,0.752001153,0.725681113,0.700282274,0.675772395,0.652120361,0.629296148,0.607270783,0.586016306,0.565505735,0.545713034,0.526613078,0.50818162,0.490395263,0.473231429,0.456668329,0.440684938,0.425260965,0.410376831,0.396013642,0.382153165,0.368777804,0.355870581,0.34341511,0,0,0,0,0,0,0,0,0,0,0,0,0,0,0,0,0,0,0,0,0,0,0,0,0,0,0,0,0,0,0,0,0,0,0,0,0,0,0,0,0,0,0,0,0,0,0,0,0,0,0,0,0,0,0,0,0,0,0,0,0,0,0,0,0,0,0,0,0,0
31,18.43437897,0.965,0.931225,0.898632125,0.867180001,0.836828701,0.807539696,0.779275807,0.752001153,0.725681113,0.700282274,0.675772395,0.652120361,0.629296148,0.607270783,0.586016306,0.565505735,0.545713034,0.526613078,0.50818162,0.490395263,0.473231429,0.456668329,0.440684938,0.425260965,0.410376831,0.396013642,0.382153165,0.368777804,0.355870581,0.34341511,0.331395581,0,0,0,0,0,0,0,0,0,0,0,0,0,0,0,0,0,0,0,0,0,0,0,0,0,0,0,0,0,0,0,0,0,0,0,0,0,0,0,0,0,0,0,0,0,0,0,0,0,0,0,0,0,0,0,0,0,0,0,0,0,0,0,0,0,0,0,0,0
32,18.7541757,0.965,0.931225,0.898632125,0.867180001,0.836828701,0.807539696,0.779275807,0.752001153,0.725681113,0.700282274,0.675772395,0.652120361,0.629296148,0.607270783,0.586016306,0.565505735,0.545713034,0.526613078,0.50818162,0.490395263,0.473231429,0.456668329,0.440684938,0.425260965,0.410376831,0.396013642,0.382153165,0.368777804,0.355870581,0.34341511,0.331395581,0.319796736,0,0,0,0,0,0,0,0,0,0,0,0,0,0,0,0,0,0,0,0,0,0,0,0,0,0,0,0,0,0,0,0,0,0,0,0,0,0,0,0,0,0,0,0,0,0,0,0,0,0,0,0,0,0,0,0,0,0,0,0,0,0,0,0,0,0,0,0
33,19.06277955,0.965,0.931225,0.898632125,0.867180001,0.836828701,0.807539696,0.779275807,0.752001153,0.725681113,0.700282274,0.675772395,0.652120361,0.629296148,0.607270783,0.586016306,0.565505735,0.545713034,0.526613078,0.50818162,0.490395263,0.473231429,0.456668329,0.440684938,0.425260965,0.410376831,0.396013642,0.382153165,0.368777804,0.355870581,0.34341511,0.331395581,0.319796736,0.30860385,0,0,0,0,0,0,0,0,0,0,0,0,0,0,0,0,0,0,0,0,0,0,0,0,0,0,0,0,0,0,0,0,0,0,0,0,0,0,0,0,0,0,0,0,0,0,0,0,0,0,0,0,0,0,0,0,0,0,0,0,0,0,0,0,0,0,0
34,19.36058227,0.965,0.931225,0.898632125,0.867180001,0.836828701,0.807539696,0.779275807,0.752001153,0.725681113,0.700282274,0.675772395,0.652120361,0.629296148,0.607270783,0.586016306,0.565505735,0.545713034,0.526613078,0.50818162,0.490395263,0.473231429,0.456668329,0.440684938,0.425260965,0.410376831,0.396013642,0.382153165,0.368777804,0.355870581,0.34341511,0.331395581,0.319796736,0.30860385,0.297802716,0,0,0,0,0,0,0,0,0,0,0,0,0,0,0,0,0,0,0,0,0,0,0,0,0,0,0,0,0,0,0,0,0,0,0,0,0,0,0,0,0,0,0,0,0,0,0,0,0,0,0,0,0,0,0,0,0,0,0,0,0,0,0,0,0,0
35,19.64796189,0.965,0.931225,0.898632125,0.867180001,0.836828701,0.807539696,0.779275807,0.752001153,0.725681113,0.700282274,0.675772395,0.652120361,0.629296148,0.607270783,0.586016306,0.565505735,0.545713034,0.526613078,0.50818162,0.490395263,0.473231429,0.456668329,0.440684938,0.425260965,0.410376831,0.396013642,0.382153165,0.368777804,0.355870581,0.34341511,0.331395581,0.319796736,0.30860385,0.297802716,0.287379621,0,0,0,0,0,0,0,0,0,0,0,0,0,0,0,0,0,0,0,0,0,0,0,0,0,0,0,0,0,0,0,0,0,0,0,0,0,0,0,0,0,0,0,0,0,0,0,0,0,0,0,0,0,0,0,0,0,0,0,0,0,0,0,0,0
36,19.92528322,0.965,0.931225,0.898632125,0.867180001,0.836828701,0.807539696,0.779275807,0.752001153,0.725681113,0.700282274,0.675772395,0.652120361,0.629296148,0.607270783,0.586016306,0.565505735,0.545713034,0.526613078,0.50818162,0.490395263,0.473231429,0.456668329,0.440684938,0.425260965,0.410376831,0.396013642,0.382153165,0.368777804,0.355870581,0.34341511,0.331395581,0.319796736,0.30860385,0.297802716,0.287379621,0.277321334,0,0,0,0,0,0,0,0,0,0,0,0,0,0,0,0,0,0,0,0,0,0,0,0,0,0,0,0,0,0,0,0,0,0,0,0,0,0,0,0,0,0,0,0,0,0,0,0,0,0,0,0,0,0,0,0,0,0,0,0,0,0,0,0
37,20.19289831,0.965,0.931225,0.898632125,0.867180001,0.836828701,0.807539696,0.779275807,0.752001153,0.725681113,0.700282274,0.675772395,0.652120361,0.629296148,0.607270783,0.586016306,0.565505735,0.545713034,0.526613078,0.50818162,0.490395263,0.473231429,0.456668329,0.440684938,0.425260965,0.410376831,0.396013642,0.382153165,0.368777804,0.355870581,0.34341511,0.331395581,0.319796736,0.30860385,0.297802716,0.287379621,0.277321334,0.267615087,0,0,0,0,0,0,0,0,0,0,0,0,0,0,0,0,0,0,0,0,0,0,0,0,0,0,0,0,0,0,0,0,0,0,0,0,0,0,0,0,0,0,0,0,0,0,0,0,0,0,0,0,0,0,0,0,0,0,0,0,0,0,0
38,20.45114687,0.965,0.931225,0.898632125,0.867180001,0.836828701,0.807539696,0.779275807,0.752001153,0.725681113,0.700282274,0.675772395,0.652120361,0.629296148,0.607270783,0.586016306,0.565505735,0.545713034,0.526613078,0.50818162,0.490395263,0.473231429,0.456668329,0.440684938,0.425260965,0.410376831,0.396013642,0.382153165,0.368777804,0.355870581,0.34341511,0.331395581,0.319796736,0.30860385,0.297802716,0.287379621,0.277321334,0.267615087,0.258248559,0,0,0,0,0,0,0,0,0,0,0,0,0,0,0,0,0,0,0,0,0,0,0,0,0,0,0,0,0,0,0,0,0,0,0,0,0,0,0,0,0,0,0,0,0,0,0,0,0,0,0,0,0,0,0,0,0,0,0,0,0,0
39,20.70035673,0.965,0.931225,0.898632125,0.867180001,0.836828701,0.807539696,0.779275807,0.752001153,0.725681113,0.700282274,0.675772395,0.652120361,0.629296148,0.607270783,0.586016306,0.565505735,0.545713034,0.526613078,0.50818162,0.490395263,0.473231429,0.456668329,0.440684938,0.425260965,0.410376831,0.396013642,0.382153165,0.368777804,0.355870581,0.34341511,0.331395581,0.319796736,0.30860385,0.297802716,0.287379621,0.277321334,0.267615087,0.258248559,0.24920986,0,0,0,0,0,0,0,0,0,0,0,0,0,0,0,0,0,0,0,0,0,0,0,0,0,0,0,0,0,0,0,0,0,0,0,0,0,0,0,0,0,0,0,0,0,0,0,0,0,0,0,0,0,0,0,0,0,0,0,0,0
40,20.94084424,0.965,0.931225,0.898632125,0.867180001,0.836828701,0.807539696,0.779275807,0.752001153,0.725681113,0.700282274,0.675772395,0.652120361,0.629296148,0.607270783,0.586016306,0.565505735,0.545713034,0.526613078,0.50818162,0.490395263,0.473231429,0.456668329,0.440684938,0.425260965,0.410376831,0.396013642,0.382153165,0.368777804,0.355870581,0.34341511,0.331395581,0.319796736,0.30860385,0.297802716,0.287379621,0.277321334,0.267615087,0.258248559,0.24920986,0.240487514,0,0,0,0,0,0,0,0,0,0,0,0,0,0,0,0,0,0,0,0,0,0,0,0,0,0,0,0,0,0,0,0,0,0,0,0,0,0,0,0,0,0,0,0,0,0,0,0,0,0,0,0,0,0,0,0,0,0,0,0
41,21.1729147,0.965,0.931225,0.898632125,0.867180001,0.836828701,0.807539696,0.779275807,0.752001153,0.725681113,0.700282274,0.675772395,0.652120361,0.629296148,0.607270783,0.586016306,0.565505735,0.545713034,0.526613078,0.50818162,0.490395263,0.473231429,0.456668329,0.440684938,0.425260965,0.410376831,0.396013642,0.382153165,0.368777804,0.355870581,0.34341511,0.331395581,0.319796736,0.30860385,0.297802716,0.287379621,0.277321334,0.267615087,0.258248559,0.24920986,0.240487514,0.232070451,0,0,0,0,0,0,0,0,0,0,0,0,0,0,0,0,0,0,0,0,0,0,0,0,0,0,0,0,0,0,0,0,0,0,0,0,0,0,0,0,0,0,0,0,0,0,0,0,0,0,0,0,0,0,0,0,0,0,0
42,21.39686268,0.965,0.931225,0.898632125,0.867180001,0.836828701,0.807539696,0.779275807,0.752001153,0.725681113,0.700282274,0.675772395,0.652120361,0.629296148,0.607270783,0.586016306,0.565505735,0.545713034,0.526613078,0.50818162,0.490395263,0.473231429,0.456668329,0.440684938,0.425260965,0.410376831,0.396013642,0.382153165,0.368777804,0.355870581,0.34341511,0.331395581,0.319796736,0.30860385,0.297802716,0.287379621,0.277321334,0.267615087,0.258248559,0.24920986,0.240487514,0.232070451,0.223947986,0,0,0,0,0,0,0,0,0,0,0,0,0,0,0,0,0,0,0,0,0,0,0,0,0,0,0,0,0,0,0,0,0,0,0,0,0,0,0,0,0,0,0,0,0,0,0,0,0,0,0,0,0,0,0,0,0,0
43,21.61297249,0.965,0.931225,0.898632125,0.867180001,0.836828701,0.807539696,0.779275807,0.752001153,0.725681113,0.700282274,0.675772395,0.652120361,0.629296148,0.607270783,0.586016306,0.565505735,0.545713034,0.526613078,0.50818162,0.490395263,0.473231429,0.456668329,0.440684938,0.425260965,0.410376831,0.396013642,0.382153165,0.368777804,0.355870581,0.34341511,0.331395581,0.319796736,0.30860385,0.297802716,0.287379621,0.277321334,0.267615087,0.258248559,0.24920986,0.240487514,0.232070451,0.223947986,0.216109806,0,0,0,0,0,0,0,0,0,0,0,0,0,0,0,0,0,0,0,0,0,0,0,0,0,0,0,0,0,0,0,0,0,0,0,0,0,0,0,0,0,0,0,0,0,0,0,0,0,0,0,0,0,0,0,0,0
44,21.82151845,0.965,0.931225,0.898632125,0.867180001,0.836828701,0.807539696,0.779275807,0.752001153,0.725681113,0.700282274,0.675772395,0.652120361,0.629296148,0.607270783,0.586016306,0.565505735,0.545713034,0.526613078,0.50818162,0.490395263,0.473231429,0.456668329,0.440684938,0.425260965,0.410376831,0.396013642,0.382153165,0.368777804,0.355870581,0.34341511,0.331395581,0.319796736,0.30860385,0.297802716,0.287379621,0.277321334,0.267615087,0.258248559,0.24920986,0.240487514,0.232070451,0.223947986,0.216109806,0.208545963,0,0,0,0,0,0,0,0,0,0,0,0,0,0,0,0,0,0,0,0,0,0,0,0,0,0,0,0,0,0,0,0,0,0,0,0,0,0,0,0,0,0,0,0,0,0,0,0,0,0,0,0,0,0,0,0
45,22.0227653,0.965,0.931225,0.898632125,0.867180001,0.836828701,0.807539696,0.779275807,0.752001153,0.725681113,0.700282274,0.675772395,0.652120361,0.629296148,0.607270783,0.586016306,0.565505735,0.545713034,0.526613078,0.50818162,0.490395263,0.473231429,0.456668329,0.440684938,0.425260965,0.410376831,0.396013642,0.382153165,0.368777804,0.355870581,0.34341511,0.331395581,0.319796736,0.30860385,0.297802716,0.287379621,0.277321334,0.267615087,0.258248559,0.24920986,0.240487514,0.232070451,0.223947986,0.216109806,0.208545963,0.201246854,0,0,0,0,0,0,0,0,0,0,0,0,0,0,0,0,0,0,0,0,0,0,0,0,0,0,0,0,0,0,0,0,0,0,0,0,0,0,0,0,0,0,0,0,0,0,0,0,0,0,0,0,0,0,0
46,22.21696852,0.965,0.931225,0.898632125,0.867180001,0.836828701,0.807539696,0.779275807,0.752001153,0.725681113,0.700282274,0.675772395,0.652120361,0.629296148,0.607270783,0.586016306,0.565505735,0.545713034,0.526613078,0.50818162,0.490395263,0.473231429,0.456668329,0.440684938,0.425260965,0.410376831,0.396013642,0.382153165,0.368777804,0.355870581,0.34341511,0.331395581,0.319796736,0.30860385,0.297802716,0.287379621,0.277321334,0.267615087,0.258248559,0.24920986,0.240487514,0.232070451,0.223947986,0.216109806,0.208545963,0.201246854,0.194203214,0,0,0,0,0,0,0,0,0,0,0,0,0,0,0,0,0,0,0,0,0,0,0,0,0,0,0,0,0,0,0,0,0,0,0,0,0,0,0,0,0,0,0,0,0,0,0,0,0,0,0,0,0,0
47,22.40437462,0.965,0.931225,0.898632125,0.867180001,0.836828701,0.807539696,0.779275807,0.752001153,0.725681113,0.700282274,0.675772395,0.652120361,0.629296148,0.607270783,0.586016306,0.565505735,0.545713034,0.526613078,0.50818162,0.490395263,0.473231429,0.456668329,0.440684938,0.425260965,0.410376831,0.396013642,0.382153165,0.368777804,0.355870581,0.34341511,0.331395581,0.319796736,0.30860385,0.297802716,0.287379621,0.277321334,0.267615087,0.258248559,0.24920986,0.240487514,0.232070451,0.223947986,0.216109806,0.208545963,0.201246854,0.194203214,0.187406102,0,0,0,0,0,0,0,0,0,0,0,0,0,0,0,0,0,0,0,0,0,0,0,0,0,0,0,0,0,0,0,0,0,0,0,0,0,0,0,0,0,0,0,0,0,0,0,0,0,0,0,0,0
48,22.58522151,0.965,0.931225,0.898632125,0.867180001,0.836828701,0.807539696,0.779275807,0.752001153,0.725681113,0.700282274,0.675772395,0.652120361,0.629296148,0.607270783,0.586016306,0.565505735,0.545713034,0.526613078,0.50818162,0.490395263,0.473231429,0.456668329,0.440684938,0.425260965,0.410376831,0.396013642,0.382153165,0.368777804,0.355870581,0.34341511,0.331395581,0.319796736,0.30860385,0.297802716,0.287379621,0.277321334,0.267615087,0.258248559,0.24920986,0.240487514,0.232070451,0.223947986,0.216109806,0.208545963,0.201246854,0.194203214,0.187406102,0.180846888,0,0,0,0,0,0,0,0,0,0,0,0,0,0,0,0,0,0,0,0,0,0,0,0,0,0,0,0,0,0,0,0,0,0,0,0,0,0,0,0,0,0,0,0,0,0,0,0,0,0,0,0
49,22.75973876,0.965,0.931225,0.898632125,0.867180001,0.836828701,0.807539696,0.779275807,0.752001153,0.725681113,0.700282274,0.675772395,0.652120361,0.629296148,0.607270783,0.586016306,0.565505735,0.545713034,0.526613078,0.50818162,0.490395263,0.473231429,0.456668329,0.440684938,0.425260965,0.410376831,0.396013642,0.382153165,0.368777804,0.355870581,0.34341511,0.331395581,0.319796736,0.30860385,0.297802716,0.287379621,0.277321334,0.267615087,0.258248559,0.24920986,0.240487514,0.232070451,0.223947986,0.216109806,0.208545963,0.201246854,0.194203214,0.187406102,0.180846888,0.174517247,0,0,0,0,0,0,0,0,0,0,0,0,0,0,0,0,0,0,0,0,0,0,0,0,0,0,0,0,0,0,0,0,0,0,0,0,0,0,0,0,0,0,0,0,0,0,0,0,0,0,0
50,22.9281479,0.965,0.931225,0.898632125,0.867180001,0.836828701,0.807539696,0.779275807,0.752001153,0.725681113,0.700282274,0.675772395,0.652120361,0.629296148,0.607270783,0.586016306,0.565505735,0.545713034,0.526613078,0.50818162,0.490395263,0.473231429,0.456668329,0.440684938,0.425260965,0.410376831,0.396013642,0.382153165,0.368777804,0.355870581,0.34341511,0.331395581,0.319796736,0.30860385,0.297802716,0.287379621,0.277321334,0.267615087,0.258248559,0.24920986,0.240487514,0.232070451,0.223947986,0.216109806,0.208545963,0.201246854,0.194203214,0.187406102,0.180846888,0.174517247,0.168409144,0,0,0,0,0,0,0,0,0,0,0,0,0,0,0,0,0,0,0,0,0,0,0,0,0,0,0,0,0,0,0,0,0,0,0,0,0,0,0,0,0,0,0,0,0,0,0,0,0,0
51,23.09066272,0.965,0.931225,0.898632125,0.867180001,0.836828701,0.807539696,0.779275807,0.752001153,0.725681113,0.700282274,0.675772395,0.652120361,0.629296148,0.607270783,0.586016306,0.565505735,0.545713034,0.526613078,0.50818162,0.490395263,0.473231429,0.456668329,0.440684938,0.425260965,0.410376831,0.396013642,0.382153165,0.368777804,0.355870581,0.34341511,0.331395581,0.319796736,0.30860385,0.297802716,0.287379621,0.277321334,0.267615087,0.258248559,0.24920986,0.240487514,0.232070451,0.223947986,0.216109806,0.208545963,0.201246854,0.194203214,0.187406102,0.180846888,0.174517247,0.168409144,0.162514824,0,0,0,0,0,0,0,0,0,0,0,0,0,0,0,0,0,0,0,0,0,0,0,0,0,0,0,0,0,0,0,0,0,0,0,0,0,0,0,0,0,0,0,0,0,0,0,0,0
52,23.24748953,0.965,0.931225,0.898632125,0.867180001,0.836828701,0.807539696,0.779275807,0.752001153,0.725681113,0.700282274,0.675772395,0.652120361,0.629296148,0.607270783,0.586016306,0.565505735,0.545713034,0.526613078,0.50818162,0.490395263,0.473231429,0.456668329,0.440684938,0.425260965,0.410376831,0.396013642,0.382153165,0.368777804,0.355870581,0.34341511,0.331395581,0.319796736,0.30860385,0.297802716,0.287379621,0.277321334,0.267615087,0.258248559,0.24920986,0.240487514,0.232070451,0.223947986,0.216109806,0.208545963,0.201246854,0.194203214,0.187406102,0.180846888,0.174517247,0.168409144,0.162514824,0.156826805,0,0,0,0,0,0,0,0,0,0,0,0,0,0,0,0,0,0,0,0,0,0,0,0,0,0,0,0,0,0,0,0,0,0,0,0,0,0,0,0,0,0,0,0,0,0,0,0
53,23.39882739,0.965,0.931225,0.898632125,0.867180001,0.836828701,0.807539696,0.779275807,0.752001153,0.725681113,0.700282274,0.675772395,0.652120361,0.629296148,0.607270783,0.586016306,0.565505735,0.545713034,0.526613078,0.50818162,0.490395263,0.473231429,0.456668329,0.440684938,0.425260965,0.410376831,0.396013642,0.382153165,0.368777804,0.355870581,0.34341511,0.331395581,0.319796736,0.30860385,0.297802716,0.287379621,0.277321334,0.267615087,0.258248559,0.24920986,0.240487514,0.232070451,0.223947986,0.216109806,0.208545963,0.201246854,0.194203214,0.187406102,0.180846888,0.174517247,0.168409144,0.162514824,0.156826805,0.151337867,0,0,0,0,0,0,0,0,0,0,0,0,0,0,0,0,0,0,0,0,0,0,0,0,0,0,0,0,0,0,0,0,0,0,0,0,0,0,0,0,0,0,0,0,0,0,0
54,23.54486844,0.965,0.931225,0.898632125,0.867180001,0.836828701,0.807539696,0.779275807,0.752001153,0.725681113,0.700282274,0.675772395,0.652120361,0.629296148,0.607270783,0.586016306,0.565505735,0.545713034,0.526613078,0.50818162,0.490395263,0.473231429,0.456668329,0.440684938,0.425260965,0.410376831,0.396013642,0.382153165,0.368777804,0.355870581,0.34341511,0.331395581,0.319796736,0.30860385,0.297802716,0.287379621,0.277321334,0.267615087,0.258248559,0.24920986,0.240487514,0.232070451,0.223947986,0.216109806,0.208545963,0.201246854,0.194203214,0.187406102,0.180846888,0.174517247,0.168409144,0.162514824,0.156826805,0.151337867,0.146041041,0,0,0,0,0,0,0,0,0,0,0,0,0,0,0,0,0,0,0,0,0,0,0,0,0,0,0,0,0,0,0,0,0,0,0,0,0,0,0,0,0,0,0,0,0,0
55,23.68579804,0.965,0.931225,0.898632125,0.867180001,0.836828701,0.807539696,0.779275807,0.752001153,0.725681113,0.700282274,0.675772395,0.652120361,0.629296148,0.607270783,0.586016306,0.565505735,0.545713034,0.526613078,0.50818162,0.490395263,0.473231429,0.456668329,0.440684938,0.425260965,0.410376831,0.396013642,0.382153165,0.368777804,0.355870581,0.34341511,0.331395581,0.319796736,0.30860385,0.297802716,0.287379621,0.277321334,0.267615087,0.258248559,0.24920986,0.240487514,0.232070451,0.223947986,0.216109806,0.208545963,0.201246854,0.194203214,0.187406102,0.180846888,0.174517247,0.168409144,0.162514824,0.156826805,0.151337867,0.146041041,0.140929605,0,0,0,0,0,0,0,0,0,0,0,0,0,0,0,0,0,0,0,0,0,0,0,0,0,0,0,0,0,0,0,0,0,0,0,0,0,0,0,0,0,0,0,0,0
56,23.82179511,0.965,0.931225,0.898632125,0.867180001,0.836828701,0.807539696,0.779275807,0.752001153,0.725681113,0.700282274,0.675772395,0.652120361,0.629296148,0.607270783,0.586016306,0.565505735,0.545713034,0.526613078,0.50818162,0.490395263,0.473231429,0.456668329,0.440684938,0.425260965,0.410376831,0.396013642,0.382153165,0.368777804,0.355870581,0.34341511,0.331395581,0.319796736,0.30860385,0.297802716,0.287379621,0.277321334,0.267615087,0.258248559,0.24920986,0.240487514,0.232070451,0.223947986,0.216109806,0.208545963,0.201246854,0.194203214,0.187406102,0.180846888,0.174517247,0.168409144,0.162514824,0.156826805,0.151337867,0.146041041,0.140929605,0.135997069,0,0,0,0,0,0,0,0,0,0,0,0,0,0,0,0,0,0,0,0,0,0,0,0,0,0,0,0,0,0,0,0,0,0,0,0,0,0,0,0,0,0,0,0
57,23.95303228,0.965,0.931225,0.898632125,0.867180001,0.836828701,0.807539696,0.779275807,0.752001153,0.725681113,0.700282274,0.675772395,0.652120361,0.629296148,0.607270783,0.586016306,0.565505735,0.545713034,0.526613078,0.50818162,0.490395263,0.473231429,0.456668329,0.440684938,0.425260965,0.410376831,0.396013642,0.382153165,0.368777804,0.355870581,0.34341511,0.331395581,0.319796736,0.30860385,0.297802716,0.287379621,0.277321334,0.267615087,0.258248559,0.24920986,0.240487514,0.232070451,0.223947986,0.216109806,0.208545963,0.201246854,0.194203214,0.187406102,0.180846888,0.174517247,0.168409144,0.162514824,0.156826805,0.151337867,0.146041041,0.140929605,0.135997069,0.131237171,0,0,0,0,0,0,0,0,0,0,0,0,0,0,0,0,0,0,0,0,0,0,0,0,0,0,0,0,0,0,0,0,0,0,0,0,0,0,0,0,0,0,0
58,24.07967615,0.965,0.931225,0.898632125,0.867180001,0.836828701,0.807539696,0.779275807,0.752001153,0.725681113,0.700282274,0.675772395,0.652120361,0.629296148,0.607270783,0.586016306,0.565505735,0.545713034,0.526613078,0.50818162,0.490395263,0.473231429,0.456668329,0.440684938,0.425260965,0.410376831,0.396013642,0.382153165,0.368777804,0.355870581,0.34341511,0.331395581,0.319796736,0.30860385,0.297802716,0.287379621,0.277321334,0.267615087,0.258248559,0.24920986,0.240487514,0.232070451,0.223947986,0.216109806,0.208545963,0.201246854,0.194203214,0.187406102,0.180846888,0.174517247,0.168409144,0.162514824,0.156826805,0.151337867,0.146041041,0.140929605,0.135997069,0.131237171,0.12664387,0,0,0,0,0,0,0,0,0,0,0,0,0,0,0,0,0,0,0,0,0,0,0,0,0,0,0,0,0,0,0,0,0,0,0,0,0,0,0,0,0,0
59,24.20188749,0.965,0.931225,0.898632125,0.867180001,0.836828701,0.807539696,0.779275807,0.752001153,0.725681113,0.700282274,0.675772395,0.652120361,0.629296148,0.607270783,0.586016306,0.565505735,0.545713034,0.526613078,0.50818162,0.490395263,0.473231429,0.456668329,0.440684938,0.425260965,0.410376831,0.396013642,0.382153165,0.368777804,0.355870581,0.34341511,0.331395581,0.319796736,0.30860385,0.297802716,0.287379621,0.277321334,0.267615087,0.258248559,0.24920986,0.240487514,0.232070451,0.223947986,0.216109806,0.208545963,0.201246854,0.194203214,0.187406102,0.180846888,0.174517247,0.168409144,0.162514824,0.156826805,0.151337867,0.146041041,0.140929605,0.135997069,0.131237171,0.12664387,0.122211335,0,0,0,0,0,0,0,0,0,0,0,0,0,0,0,0,0,0,0,0,0,0,0,0,0,0,0,0,0,0,0,0,0,0,0,0,0,0,0,0,0
60,24.31982142,0.965,0.931225,0.898632125,0.867180001,0.836828701,0.807539696,0.779275807,0.752001153,0.725681113,0.700282274,0.675772395,0.652120361,0.629296148,0.607270783,0.586016306,0.565505735,0.545713034,0.526613078,0.50818162,0.490395263,0.473231429,0.456668329,0.440684938,0.425260965,0.410376831,0.396013642,0.382153165,0.368777804,0.355870581,0.34341511,0.331395581,0.319796736,0.30860385,0.297802716,0.287379621,0.277321334,0.267615087,0.258248559,0.24920986,0.240487514,0.232070451,0.223947986,0.216109806,0.208545963,0.201246854,0.194203214,0.187406102,0.180846888,0.174517247,0.168409144,0.162514824,0.156826805,0.151337867,0.146041041,0.140929605,0.135997069,0.131237171,0.12664387,0.122211335,0.117933938,0,0,0,0,0,0,0,0,0,0,0,0,0,0,0,0,0,0,0,0,0,0,0,0,0,0,0,0,0,0,0,0,0,0,0,0,0,0,0,0
61,24.43362767,0.965,0.931225,0.898632125,0.867180001,0.836828701,0.807539696,0.779275807,0.752001153,0.725681113,0.700282274,0.675772395,0.652120361,0.629296148,0.607270783,0.586016306,0.565505735,0.545713034,0.526613078,0.50818162,0.490395263,0.473231429,0.456668329,0.440684938,0.425260965,0.410376831,0.396013642,0.382153165,0.368777804,0.355870581,0.34341511,0.331395581,0.319796736,0.30860385,0.297802716,0.287379621,0.277321334,0.267615087,0.258248559,0.24920986,0.240487514,0.232070451,0.223947986,0.216109806,0.208545963,0.201246854,0.194203214,0.187406102,0.180846888,0.174517247,0.168409144,0.162514824,0.156826805,0.151337867,0.146041041,0.140929605,0.135997069,0.131237171,0.12664387,0.122211335,0.117933938,0.11380625,0,0,0,0,0,0,0,0,0,0,0,0,0,0,0,0,0,0,0,0,0,0,0,0,0,0,0,0,0,0,0,0,0,0,0,0,0,0,0
62,24.5434507,0.965,0.931225,0.898632125,0.867180001,0.836828701,0.807539696,0.779275807,0.752001153,0.725681113,0.700282274,0.675772395,0.652120361,0.629296148,0.607270783,0.586016306,0.565505735,0.545713034,0.526613078,0.50818162,0.490395263,0.473231429,0.456668329,0.440684938,0.425260965,0.410376831,0.396013642,0.382153165,0.368777804,0.355870581,0.34341511,0.331395581,0.319796736,0.30860385,0.297802716,0.287379621,0.277321334,0.267615087,0.258248559,0.24920986,0.240487514,0.232070451,0.223947986,0.216109806,0.208545963,0.201246854,0.194203214,0.187406102,0.180846888,0.174517247,0.168409144,0.162514824,0.156826805,0.151337867,0.146041041,0.140929605,0.135997069,0.131237171,0.12664387,0.122211335,0.117933938,0.11380625,0.109823031,0,0,0,0,0,0,0,0,0,0,0,0,0,0,0,0,0,0,0,0,0,0,0,0,0,0,0,0,0,0,0,0,0,0,0,0,0,0
63,24.64942993,0.965,0.931225,0.898632125,0.867180001,0.836828701,0.807539696,0.779275807,0.752001153,0.725681113,0.700282274,0.675772395,0.652120361,0.629296148,0.607270783,0.586016306,0.565505735,0.545713034,0.526613078,0.50818162,0.490395263,0.473231429,0.456668329,0.440684938,0.425260965,0.410376831,0.396013642,0.382153165,0.368777804,0.355870581,0.34341511,0.331395581,0.319796736,0.30860385,0.297802716,0.287379621,0.277321334,0.267615087,0.258248559,0.24920986,0.240487514,0.232070451,0.223947986,0.216109806,0.208545963,0.201246854,0.194203214,0.187406102,0.180846888,0.174517247,0.168409144,0.162514824,0.156826805,0.151337867,0.146041041,0.140929605,0.135997069,0.131237171,0.12664387,0.122211335,0.117933938,0.11380625,0.109823031,0.105979225,0,0,0,0,0,0,0,0,0,0,0,0,0,0,0,0,0,0,0,0,0,0,0,0,0,0,0,0,0,0,0,0,0,0,0,0,0
64,24.75169988,0.965,0.931225,0.898632125,0.867180001,0.836828701,0.807539696,0.779275807,0.752001153,0.725681113,0.700282274,0.675772395,0.652120361,0.629296148,0.607270783,0.586016306,0.565505735,0.545713034,0.526613078,0.50818162,0.490395263,0.473231429,0.456668329,0.440684938,0.425260965,0.410376831,0.396013642,0.382153165,0.368777804,0.355870581,0.34341511,0.331395581,0.319796736,0.30860385,0.297802716,0.287379621,0.277321334,0.267615087,0.258248559,0.24920986,0.240487514,0.232070451,0.223947986,0.216109806,0.208545963,0.201246854,0.194203214,0.187406102,0.180846888,0.174517247,0.168409144,0.162514824,0.156826805,0.151337867,0.146041041,0.140929605,0.135997069,0.131237171,0.12664387,0.122211335,0.117933938,0.11380625,0.109823031,0.105979225,0.102269952,0,0,0,0,0,0,0,0,0,0,0,0,0,0,0,0,0,0,0,0,0,0,0,0,0,0,0,0,0,0,0,0,0,0,0,0
65,24.85039039,0.965,0.931225,0.898632125,0.867180001,0.836828701,0.807539696,0.779275807,0.752001153,0.725681113,0.700282274,0.675772395,0.652120361,0.629296148,0.607270783,0.586016306,0.565505735,0.545713034,0.526613078,0.50818162,0.490395263,0.473231429,0.456668329,0.440684938,0.425260965,0.410376831,0.396013642,0.382153165,0.368777804,0.355870581,0.34341511,0.331395581,0.319796736,0.30860385,0.297802716,0.287379621,0.277321334,0.267615087,0.258248559,0.24920986,0.240487514,0.232070451,0.223947986,0.216109806,0.208545963,0.201246854,0.194203214,0.187406102,0.180846888,0.174517247,0.168409144,0.162514824,0.156826805,0.151337867,0.146041041,0.140929605,0.135997069,0.131237171,0.12664387,0.122211335,0.117933938,0.11380625,0.109823031,0.105979225,0.102269952,0.098690504,0,0,0,0,0,0,0,0,0,0,0,0,0,0,0,0,0,0,0,0,0,0,0,0,0,0,0,0,0,0,0,0,0,0,0
66,24.94562672,0.965,0.931225,0.898632125,0.867180001,0.836828701,0.807539696,0.779275807,0.752001153,0.725681113,0.700282274,0.675772395,0.652120361,0.629296148,0.607270783,0.586016306,0.565505735,0.545713034,0.526613078,0.50818162,0.490395263,0.473231429,0.456668329,0.440684938,0.425260965,0.410376831,0.396013642,0.382153165,0.368777804,0.355870581,0.34341511,0.331395581,0.319796736,0.30860385,0.297802716,0.287379621,0.277321334,0.267615087,0.258248559,0.24920986,0.240487514,0.232070451,0.223947986,0.216109806,0.208545963,0.201246854,0.194203214,0.187406102,0.180846888,0.174517247,0.168409144,0.162514824,0.156826805,0.151337867,0.146041041,0.140929605,0.135997069,0.131237171,0.12664387,0.122211335,0.117933938,0.11380625,0.109823031,0.105979225,0.102269952,0.098690504,0.095236336,0,0,0,0,0,0,0,0,0,0,0,0,0,0,0,0,0,0,0,0,0,0,0,0,0,0,0,0,0,0,0,0,0,0
67,25.03752979,0.965,0.931225,0.898632125,0.867180001,0.836828701,0.807539696,0.779275807,0.752001153,0.725681113,0.700282274,0.675772395,0.652120361,0.629296148,0.607270783,0.586016306,0.565505735,0.545713034,0.526613078,0.50818162,0.490395263,0.473231429,0.456668329,0.440684938,0.425260965,0.410376831,0.396013642,0.382153165,0.368777804,0.355870581,0.34341511,0.331395581,0.319796736,0.30860385,0.297802716,0.287379621,0.277321334,0.267615087,0.258248559,0.24920986,0.240487514,0.232070451,0.223947986,0.216109806,0.208545963,0.201246854,0.194203214,0.187406102,0.180846888,0.174517247,0.168409144,0.162514824,0.156826805,0.151337867,0.146041041,0.140929605,0.135997069,0.131237171,0.12664387,0.122211335,0.117933938,0.11380625,0.109823031,0.105979225,0.102269952,0.098690504,0.095236336,0.091903065,0,0,0,0,0,0,0,0,0,0,0,0,0,0,0,0,0,0,0,0,0,0,0,0,0,0,0,0,0,0,0,0,0
68,25.12621625,0.965,0.931225,0.898632125,0.867180001,0.836828701,0.807539696,0.779275807,0.752001153,0.725681113,0.700282274,0.675772395,0.652120361,0.629296148,0.607270783,0.586016306,0.565505735,0.545713034,0.526613078,0.50818162,0.490395263,0.473231429,0.456668329,0.440684938,0.425260965,0.410376831,0.396013642,0.382153165,0.368777804,0.355870581,0.34341511,0.331395581,0.319796736,0.30860385,0.297802716,0.287379621,0.277321334,0.267615087,0.258248559,0.24920986,0.240487514,0.232070451,0.223947986,0.216109806,0.208545963,0.201246854,0.194203214,0.187406102,0.180846888,0.174517247,0.168409144,0.162514824,0.156826805,0.151337867,0.146041041,0.140929605,0.135997069,0.131237171,0.12664387,0.122211335,0.117933938,0.11380625,0.109823031,0.105979225,0.102269952,0.098690504,0.095236336,0.091903065,0.088686457,0,0,0,0,0,0,0,0,0,0,0,0,0,0,0,0,0,0,0,0,0,0,0,0,0,0,0,0,0,0,0,0
69,25.21179868,0.965,0.931225,0.898632125,0.867180001,0.836828701,0.807539696,0.779275807,0.752001153,0.725681113,0.700282274,0.675772395,0.652120361,0.629296148,0.607270783,0.586016306,0.565505735,0.545713034,0.526613078,0.50818162,0.490395263,0.473231429,0.456668329,0.440684938,0.425260965,0.410376831,0.396013642,0.382153165,0.368777804,0.355870581,0.34341511,0.331395581,0.319796736,0.30860385,0.297802716,0.287379621,0.277321334,0.267615087,0.258248559,0.24920986,0.240487514,0.232070451,0.223947986,0.216109806,0.208545963,0.201246854,0.194203214,0.187406102,0.180846888,0.174517247,0.168409144,0.162514824,0.156826805,0.151337867,0.146041041,0.140929605,0.135997069,0.131237171,0.12664387,0.122211335,0.117933938,0.11380625,0.109823031,0.105979225,0.102269952,0.098690504,0.095236336,0.091903065,0.088686457,0.085582431,0,0,0,0,0,0,0,0,0,0,0,0,0,0,0,0,0,0,0,0,0,0,0,0,0,0,0,0,0,0,0
70,25.29438572,0.965,0.931225,0.898632125,0.867180001,0.836828701,0.807539696,0.779275807,0.752001153,0.725681113,0.700282274,0.675772395,0.652120361,0.629296148,0.607270783,0.586016306,0.565505735,0.545713034,0.526613078,0.50818162,0.490395263,0.473231429,0.456668329,0.440684938,0.425260965,0.410376831,0.396013642,0.382153165,0.368777804,0.355870581,0.34341511,0.331395581,0.319796736,0.30860385,0.297802716,0.287379621,0.277321334,0.267615087,0.258248559,0.24920986,0.240487514,0.232070451,0.223947986,0.216109806,0.208545963,0.201246854,0.194203214,0.187406102,0.180846888,0.174517247,0.168409144,0.162514824,0.156826805,0.151337867,0.146041041,0.140929605,0.135997069,0.131237171,0.12664387,0.122211335,0.117933938,0.11380625,0.109823031,0.105979225,0.102269952,0.098690504,0.095236336,0.091903065,0.088686457,0.085582431,0.082587046,0,0,0,0,0,0,0,0,0,0,0,0,0,0,0,0,0,0,0,0,0,0,0,0,0,0,0,0,0,0
71,25.37408222,0.965,0.931225,0.898632125,0.867180001,0.836828701,0.807539696,0.779275807,0.752001153,0.725681113,0.700282274,0.675772395,0.652120361,0.629296148,0.607270783,0.586016306,0.565505735,0.545713034,0.526613078,0.50818162,0.490395263,0.473231429,0.456668329,0.440684938,0.425260965,0.410376831,0.396013642,0.382153165,0.368777804,0.355870581,0.34341511,0.331395581,0.319796736,0.30860385,0.297802716,0.287379621,0.277321334,0.267615087,0.258248559,0.24920986,0.240487514,0.232070451,0.223947986,0.216109806,0.208545963,0.201246854,0.194203214,0.187406102,0.180846888,0.174517247,0.168409144,0.162514824,0.156826805,0.151337867,0.146041041,0.140929605,0.135997069,0.131237171,0.12664387,0.122211335,0.117933938,0.11380625,0.109823031,0.105979225,0.102269952,0.098690504,0.095236336,0.091903065,0.088686457,0.085582431,0.082587046,0.0796965,0,0,0,0,0,0,0,0,0,0,0,0,0,0,0,0,0,0,0,0,0,0,0,0,0,0,0,0,0
72,25.45098934,0.965,0.931225,0.898632125,0.867180001,0.836828701,0.807539696,0.779275807,0.752001153,0.725681113,0.700282274,0.675772395,0.652120361,0.629296148,0.607270783,0.586016306,0.565505735,0.545713034,0.526613078,0.50818162,0.490395263,0.473231429,0.456668329,0.440684938,0.425260965,0.410376831,0.396013642,0.382153165,0.368777804,0.355870581,0.34341511,0.331395581,0.319796736,0.30860385,0.297802716,0.287379621,0.277321334,0.267615087,0.258248559,0.24920986,0.240487514,0.232070451,0.223947986,0.216109806,0.208545963,0.201246854,0.194203214,0.187406102,0.180846888,0.174517247,0.168409144,0.162514824,0.156826805,0.151337867,0.146041041,0.140929605,0.135997069,0.131237171,0.12664387,0.122211335,0.117933938,0.11380625,0.109823031,0.105979225,0.102269952,0.098690504,0.095236336,0.091903065,0.088686457,0.085582431,0.082587046,0.0796965,0.076907122,0,0,0,0,0,0,0,0,0,0,0,0,0,0,0,0,0,0,0,0,0,0,0,0,0,0,0,0
73,25.52520472,0.965,0.931225,0.898632125,0.867180001,0.836828701,0.807539696,0.779275807,0.752001153,0.725681113,0.700282274,0.675772395,0.652120361,0.629296148,0.607270783,0.586016306,0.565505735,0.545713034,0.526613078,0.50818162,0.490395263,0.473231429,0.456668329,0.440684938,0.425260965,0.410376831,0.396013642,0.382153165,0.368777804,0.355870581,0.34341511,0.331395581,0.319796736,0.30860385,0.297802716,0.287379621,0.277321334,0.267615087,0.258248559,0.24920986,0.240487514,0.232070451,0.223947986,0.216109806,0.208545963,0.201246854,0.194203214,0.187406102,0.180846888,0.174517247,0.168409144,0.162514824,0.156826805,0.151337867,0.146041041,0.140929605,0.135997069,0.131237171,0.12664387,0.122211335,0.117933938,0.11380625,0.109823031,0.105979225,0.102269952,0.098690504,0.095236336,0.091903065,0.088686457,0.085582431,0.082587046,0.0796965,0.076907122,0.074215373,0,0,0,0,0,0,0,0,0,0,0,0,0,0,0,0,0,0,0,0,0,0,0,0,0,0,0
74,25.59682255,0.965,0.931225,0.898632125,0.867180001,0.836828701,0.807539696,0.779275807,0.752001153,0.725681113,0.700282274,0.675772395,0.652120361,0.629296148,0.607270783,0.586016306,0.565505735,0.545713034,0.526613078,0.50818162,0.490395263,0.473231429,0.456668329,0.440684938,0.425260965,0.410376831,0.396013642,0.382153165,0.368777804,0.355870581,0.34341511,0.331395581,0.319796736,0.30860385,0.297802716,0.287379621,0.277321334,0.267615087,0.258248559,0.24920986,0.240487514,0.232070451,0.223947986,0.216109806,0.208545963,0.201246854,0.194203214,0.187406102,0.180846888,0.174517247,0.168409144,0.162514824,0.156826805,0.151337867,0.146041041,0.140929605,0.135997069,0.131237171,0.12664387,0.122211335,0.117933938,0.11380625,0.109823031,0.105979225,0.102269952,0.098690504,0.095236336,0.091903065,0.088686457,0.085582431,0.082587046,0.0796965,0.076907122,0.074215373,0.071617835,0,0,0,0,0,0,0,0,0,0,0,0,0,0,0,0,0,0,0,0,0,0,0,0,0,0
75,25.66593376,0.965,0.931225,0.898632125,0.867180001,0.836828701,0.807539696,0.779275807,0.752001153,0.725681113,0.700282274,0.675772395,0.652120361,0.629296148,0.607270783,0.586016306,0.565505735,0.545713034,0.526613078,0.50818162,0.490395263,0.473231429,0.456668329,0.440684938,0.425260965,0.410376831,0.396013642,0.382153165,0.368777804,0.355870581,0.34341511,0.331395581,0.319796736,0.30860385,0.297802716,0.287379621,0.277321334,0.267615087,0.258248559,0.24920986,0.240487514,0.232070451,0.223947986,0.216109806,0.208545963,0.201246854,0.194203214,0.187406102,0.180846888,0.174517247,0.168409144,0.162514824,0.156826805,0.151337867,0.146041041,0.140929605,0.135997069,0.131237171,0.12664387,0.122211335,0.117933938,0.11380625,0.109823031,0.105979225,0.102269952,0.098690504,0.095236336,0.091903065,0.088686457,0.085582431,0.082587046,0.0796965,0.076907122,0.074215373,0.071617835,0.069111211,0,0,0,0,0,0,0,0,0,0,0,0,0,0,0,0,0,0,0,0,0,0,0,0,0
76,25.73262608,0.965,0.931225,0.898632125,0.867180001,0.836828701,0.807539696,0.779275807,0.752001153,0.725681113,0.700282274,0.675772395,0.652120361,0.629296148,0.607270783,0.586016306,0.565505735,0.545713034,0.526613078,0.50818162,0.490395263,0.473231429,0.456668329,0.440684938,0.425260965,0.410376831,0.396013642,0.382153165,0.368777804,0.355870581,0.34341511,0.331395581,0.319796736,0.30860385,0.297802716,0.287379621,0.277321334,0.267615087,0.258248559,0.24920986,0.240487514,0.232070451,0.223947986,0.216109806,0.208545963,0.201246854,0.194203214,0.187406102,0.180846888,0.174517247,0.168409144,0.162514824,0.156826805,0.151337867,0.146041041,0.140929605,0.135997069,0.131237171,0.12664387,0.122211335,0.117933938,0.11380625,0.109823031,0.105979225,0.102269952,0.098690504,0.095236336,0.091903065,0.088686457,0.085582431,0.082587046,0.0796965,0.076907122,0.074215373,0.071617835,0.069111211,0.066692318,0,0,0,0,0,0,0,0,0,0,0,0,0,0,0,0,0,0,0,0,0,0,0,0
77,25.79698417,0.965,0.931225,0.898632125,0.867180001,0.836828701,0.807539696,0.779275807,0.752001153,0.725681113,0.700282274,0.675772395,0.652120361,0.629296148,0.607270783,0.586016306,0.565505735,0.545713034,0.526613078,0.50818162,0.490395263,0.473231429,0.456668329,0.440684938,0.425260965,0.410376831,0.396013642,0.382153165,0.368777804,0.355870581,0.34341511,0.331395581,0.319796736,0.30860385,0.297802716,0.287379621,0.277321334,0.267615087,0.258248559,0.24920986,0.240487514,0.232070451,0.223947986,0.216109806,0.208545963,0.201246854,0.194203214,0.187406102,0.180846888,0.174517247,0.168409144,0.162514824,0.156826805,0.151337867,0.146041041,0.140929605,0.135997069,0.131237171,0.12664387,0.122211335,0.117933938,0.11380625,0.109823031,0.105979225,0.102269952,0.098690504,0.095236336,0.091903065,0.088686457,0.085582431,0.082587046,0.0796965,0.076907122,0.074215373,0.071617835,0.069111211,0.066692318,0.064358087,0,0,0,0,0,0,0,0,0,0,0,0,0,0,0,0,0,0,0,0,0,0,0
78,25.85908972,0.965,0.931225,0.898632125,0.867180001,0.836828701,0.807539696,0.779275807,0.752001153,0.725681113,0.700282274,0.675772395,0.652120361,0.629296148,0.607270783,0.586016306,0.565505735,0.545713034,0.526613078,0.50818162,0.490395263,0.473231429,0.456668329,0.440684938,0.425260965,0.410376831,0.396013642,0.382153165,0.368777804,0.355870581,0.34341511,0.331395581,0.319796736,0.30860385,0.297802716,0.287379621,0.277321334,0.267615087,0.258248559,0.24920986,0.240487514,0.232070451,0.223947986,0.216109806,0.208545963,0.201246854,0.194203214,0.187406102,0.180846888,0.174517247,0.168409144,0.162514824,0.156826805,0.151337867,0.146041041,0.140929605,0.135997069,0.131237171,0.12664387,0.122211335,0.117933938,0.11380625,0.109823031,0.105979225,0.102269952,0.098690504,0.095236336,0.091903065,0.088686457,0.085582431,0.082587046,0.0796965,0.076907122,0.074215373,0.071617835,0.069111211,0.066692318,0.064358087,0.062105554,0,0,0,0,0,0,0,0,0,0,0,0,0,0,0,0,0,0,0,0,0,0
79,25.91902158,0.965,0.931225,0.898632125,0.867180001,0.836828701,0.807539696,0.779275807,0.752001153,0.725681113,0.700282274,0.675772395,0.652120361,0.629296148,0.607270783,0.586016306,0.565505735,0.545713034,0.526613078,0.50818162,0.490395263,0.473231429,0.456668329,0.440684938,0.425260965,0.410376831,0.396013642,0.382153165,0.368777804,0.355870581,0.34341511,0.331395581,0.319796736,0.30860385,0.297802716,0.287379621,0.277321334,0.267615087,0.258248559,0.24920986,0.240487514,0.232070451,0.223947986,0.216109806,0.208545963,0.201246854,0.194203214,0.187406102,0.180846888,0.174517247,0.168409144,0.162514824,0.156826805,0.151337867,0.146041041,0.140929605,0.135997069,0.131237171,0.12664387,0.122211335,0.117933938,0.11380625,0.109823031,0.105979225,0.102269952,0.098690504,0.095236336,0.091903065,0.088686457,0.085582431,0.082587046,0.0796965,0.076907122,0.074215373,0.071617835,0.069111211,0.066692318,0.064358087,0.062105554,0.05993186,0,0,0,0,0,0,0,0,0,0,0,0,0,0,0,0,0,0,0,0,0
80,25.97685583,0.965,0.931225,0.898632125,0.867180001,0.836828701,0.807539696,0.779275807,0.752001153,0.725681113,0.700282274,0.675772395,0.652120361,0.629296148,0.607270783,0.586016306,0.565505735,0.545713034,0.526613078,0.50818162,0.490395263,0.473231429,0.456668329,0.440684938,0.425260965,0.410376831,0.396013642,0.382153165,0.368777804,0.355870581,0.34341511,0.331395581,0.319796736,0.30860385,0.297802716,0.287379621,0.277321334,0.267615087,0.258248559,0.24920986,0.240487514,0.232070451,0.223947986,0.216109806,0.208545963,0.201246854,0.194203214,0.187406102,0.180846888,0.174517247,0.168409144,0.162514824,0.156826805,0.151337867,0.146041041,0.140929605,0.135997069,0.131237171,0.12664387,0.122211335,0.117933938,0.11380625,0.109823031,0.105979225,0.102269952,0.098690504,0.095236336,0.091903065,0.088686457,0.085582431,0.082587046,0.0796965,0.076907122,0.074215373,0.071617835,0.069111211,0.066692318,0.064358087,0.062105554,0.05993186,0.057834245,0,0,0,0,0,0,0,0,0,0,0,0,0,0,0,0,0,0,0,0
81,26.03266587,0.965,0.931225,0.898632125,0.867180001,0.836828701,0.807539696,0.779275807,0.752001153,0.725681113,0.700282274,0.675772395,0.652120361,0.629296148,0.607270783,0.586016306,0.565505735,0.545713034,0.526613078,0.50818162,0.490395263,0.473231429,0.456668329,0.440684938,0.425260965,0.410376831,0.396013642,0.382153165,0.368777804,0.355870581,0.34341511,0.331395581,0.319796736,0.30860385,0.297802716,0.287379621,0.277321334,0.267615087,0.258248559,0.24920986,0.240487514,0.232070451,0.223947986,0.216109806,0.208545963,0.201246854,0.194203214,0.187406102,0.180846888,0.174517247,0.168409144,0.162514824,0.156826805,0.151337867,0.146041041,0.140929605,0.135997069,0.131237171,0.12664387,0.122211335,0.117933938,0.11380625,0.109823031,0.105979225,0.102269952,0.098690504,0.095236336,0.091903065,0.088686457,0.085582431,0.082587046,0.0796965,0.076907122,0.074215373,0.071617835,0.069111211,0.066692318,0.064358087,0.062105554,0.05993186,0.057834245,0.055810046,0,0,0,0,0,0,0,0,0,0,0,0,0,0,0,0,0,0,0
82,26.08652257,0.965,0.931225,0.898632125,0.867180001,0.836828701,0.807539696,0.779275807,0.752001153,0.725681113,0.700282274,0.675772395,0.652120361,0.629296148,0.607270783,0.586016306,0.565505735,0.545713034,0.526613078,0.50818162,0.490395263,0.473231429,0.456668329,0.440684938,0.425260965,0.410376831,0.396013642,0.382153165,0.368777804,0.355870581,0.34341511,0.331395581,0.319796736,0.30860385,0.297802716,0.287379621,0.277321334,0.267615087,0.258248559,0.24920986,0.240487514,0.232070451,0.223947986,0.216109806,0.208545963,0.201246854,0.194203214,0.187406102,0.180846888,0.174517247,0.168409144,0.162514824,0.156826805,0.151337867,0.146041041,0.140929605,0.135997069,0.131237171,0.12664387,0.122211335,0.117933938,0.11380625,0.109823031,0.105979225,0.102269952,0.098690504,0.095236336,0.091903065,0.088686457,0.085582431,0.082587046,0.0796965,0.076907122,0.074215373,0.071617835,0.069111211,0.066692318,0.064358087,0.062105554,0.05993186,0.057834245,0.055810046,0.053856694,0,0,0,0,0,0,0,0,0,0,0,0,0,0,0,0,0,0
83,26.13849428,0.965,0.931225,0.898632125,0.867180001,0.836828701,0.807539696,0.779275807,0.752001153,0.725681113,0.700282274,0.675772395,0.652120361,0.629296148,0.607270783,0.586016306,0.565505735,0.545713034,0.526613078,0.50818162,0.490395263,0.473231429,0.456668329,0.440684938,0.425260965,0.410376831,0.396013642,0.382153165,0.368777804,0.355870581,0.34341511,0.331395581,0.319796736,0.30860385,0.297802716,0.287379621,0.277321334,0.267615087,0.258248559,0.24920986,0.240487514,0.232070451,0.223947986,0.216109806,0.208545963,0.201246854,0.194203214,0.187406102,0.180846888,0.174517247,0.168409144,0.162514824,0.156826805,0.151337867,0.146041041,0.140929605,0.135997069,0.131237171,0.12664387,0.122211335,0.117933938,0.11380625,0.109823031,0.105979225,0.102269952,0.098690504,0.095236336,0.091903065,0.088686457,0.085582431,0.082587046,0.0796965,0.076907122,0.074215373,0.071617835,0.069111211,0.066692318,0.064358087,0.062105554,0.05993186,0.057834245,0.055810046,0.053856694,0.05197171,0,0,0,0,0,0,0,0,0,0,0,0,0,0,0,0,0
84,26.18864698,0.965,0.931225,0.898632125,0.867180001,0.836828701,0.807539696,0.779275807,0.752001153,0.725681113,0.700282274,0.675772395,0.652120361,0.629296148,0.607270783,0.586016306,0.565505735,0.545713034,0.526613078,0.50818162,0.490395263,0.473231429,0.456668329,0.440684938,0.425260965,0.410376831,0.396013642,0.382153165,0.368777804,0.355870581,0.34341511,0.331395581,0.319796736,0.30860385,0.297802716,0.287379621,0.277321334,0.267615087,0.258248559,0.24920986,0.240487514,0.232070451,0.223947986,0.216109806,0.208545963,0.201246854,0.194203214,0.187406102,0.180846888,0.174517247,0.168409144,0.162514824,0.156826805,0.151337867,0.146041041,0.140929605,0.135997069,0.131237171,0.12664387,0.122211335,0.117933938,0.11380625,0.109823031,0.105979225,0.102269952,0.098690504,0.095236336,0.091903065,0.088686457,0.085582431,0.082587046,0.0796965,0.076907122,0.074215373,0.071617835,0.069111211,0.066692318,0.064358087,0.062105554,0.05993186,0.057834245,0.055810046,0.053856694,0.05197171,0.0501527,0,0,0,0,0,0,0,0,0,0,0,0,0,0,0,0
85,26.23704433,0.965,0.931225,0.898632125,0.867180001,0.836828701,0.807539696,0.779275807,0.752001153,0.725681113,0.700282274,0.675772395,0.652120361,0.629296148,0.607270783,0.586016306,0.565505735,0.545713034,0.526613078,0.50818162,0.490395263,0.473231429,0.456668329,0.440684938,0.425260965,0.410376831,0.396013642,0.382153165,0.368777804,0.355870581,0.34341511,0.331395581,0.319796736,0.30860385,0.297802716,0.287379621,0.277321334,0.267615087,0.258248559,0.24920986,0.240487514,0.232070451,0.223947986,0.216109806,0.208545963,0.201246854,0.194203214,0.187406102,0.180846888,0.174517247,0.168409144,0.162514824,0.156826805,0.151337867,0.146041041,0.140929605,0.135997069,0.131237171,0.12664387,0.122211335,0.117933938,0.11380625,0.109823031,0.105979225,0.102269952,0.098690504,0.095236336,0.091903065,0.088686457,0.085582431,0.082587046,0.0796965,0.076907122,0.074215373,0.071617835,0.069111211,0.066692318,0.064358087,0.062105554,0.05993186,0.057834245,0.055810046,0.053856694,0.05197171,0.0501527,0.048397356,0,0,0,0,0,0,0,0,0,0,0,0,0,0,0
86,26.28374778,0.965,0.931225,0.898632125,0.867180001,0.836828701,0.807539696,0.779275807,0.752001153,0.725681113,0.700282274,0.675772395,0.652120361,0.629296148,0.607270783,0.586016306,0.565505735,0.545713034,0.526613078,0.50818162,0.490395263,0.473231429,0.456668329,0.440684938,0.425260965,0.410376831,0.396013642,0.382153165,0.368777804,0.355870581,0.34341511,0.331395581,0.319796736,0.30860385,0.297802716,0.287379621,0.277321334,0.267615087,0.258248559,0.24920986,0.240487514,0.232070451,0.223947986,0.216109806,0.208545963,0.201246854,0.194203214,0.187406102,0.180846888,0.174517247,0.168409144,0.162514824,0.156826805,0.151337867,0.146041041,0.140929605,0.135997069,0.131237171,0.12664387,0.122211335,0.117933938,0.11380625,0.109823031,0.105979225,0.102269952,0.098690504,0.095236336,0.091903065,0.088686457,0.085582431,0.082587046,0.0796965,0.076907122,0.074215373,0.071617835,0.069111211,0.066692318,0.064358087,0.062105554,0.05993186,0.057834245,0.055810046,0.053856694,0.05197171,0.0501527,0.048397356,0.046703448,0,0,0,0,0,0,0,0,0,0,0,0,0,0
87,26.32881661,0.965,0.931225,0.898632125,0.867180001,0.836828701,0.807539696,0.779275807,0.752001153,0.725681113,0.700282274,0.675772395,0.652120361,0.629296148,0.607270783,0.586016306,0.565505735,0.545713034,0.526613078,0.50818162,0.490395263,0.473231429,0.456668329,0.440684938,0.425260965,0.410376831,0.396013642,0.382153165,0.368777804,0.355870581,0.34341511,0.331395581,0.319796736,0.30860385,0.297802716,0.287379621,0.277321334,0.267615087,0.258248559,0.24920986,0.240487514,0.232070451,0.223947986,0.216109806,0.208545963,0.201246854,0.194203214,0.187406102,0.180846888,0.174517247,0.168409144,0.162514824,0.156826805,0.151337867,0.146041041,0.140929605,0.135997069,0.131237171,0.12664387,0.122211335,0.117933938,0.11380625,0.109823031,0.105979225,0.102269952,0.098690504,0.095236336,0.091903065,0.088686457,0.085582431,0.082587046,0.0796965,0.076907122,0.074215373,0.071617835,0.069111211,0.066692318,0.064358087,0.062105554,0.05993186,0.057834245,0.055810046,0.053856694,0.05197171,0.0501527,0.048397356,0.046703448,0.045068828,0,0,0,0,0,0,0,0,0,0,0,0,0
88,26.37230803,0.965,0.931225,0.898632125,0.867180001,0.836828701,0.807539696,0.779275807,0.752001153,0.725681113,0.700282274,0.675772395,0.652120361,0.629296148,0.607270783,0.586016306,0.565505735,0.545713034,0.526613078,0.50818162,0.490395263,0.473231429,0.456668329,0.440684938,0.425260965,0.410376831,0.396013642,0.382153165,0.368777804,0.355870581,0.34341511,0.331395581,0.319796736,0.30860385,0.297802716,0.287379621,0.277321334,0.267615087,0.258248559,0.24920986,0.240487514,0.232070451,0.223947986,0.216109806,0.208545963,0.201246854,0.194203214,0.187406102,0.180846888,0.174517247,0.168409144,0.162514824,0.156826805,0.151337867,0.146041041,0.140929605,0.135997069,0.131237171,0.12664387,0.122211335,0.117933938,0.11380625,0.109823031,0.105979225,0.102269952,0.098690504,0.095236336,0.091903065,0.088686457,0.085582431,0.082587046,0.0796965,0.076907122,0.074215373,0.071617835,0.069111211,0.066692318,0.064358087,0.062105554,0.05993186,0.057834245,0.055810046,0.053856694,0.05197171,0.0501527,0.048397356,0.046703448,0.045068828,0.043491419,0,0,0,0,0,0,0,0,0,0,0,0
89,26.41427725,0.965,0.931225,0.898632125,0.867180001,0.836828701,0.807539696,0.779275807,0.752001153,0.725681113,0.700282274,0.675772395,0.652120361,0.629296148,0.607270783,0.586016306,0.565505735,0.545713034,0.526613078,0.50818162,0.490395263,0.473231429,0.456668329,0.440684938,0.425260965,0.410376831,0.396013642,0.382153165,0.368777804,0.355870581,0.34341511,0.331395581,0.319796736,0.30860385,0.297802716,0.287379621,0.277321334,0.267615087,0.258248559,0.24920986,0.240487514,0.232070451,0.223947986,0.216109806,0.208545963,0.201246854,0.194203214,0.187406102,0.180846888,0.174517247,0.168409144,0.162514824,0.156826805,0.151337867,0.146041041,0.140929605,0.135997069,0.131237171,0.12664387,0.122211335,0.117933938,0.11380625,0.109823031,0.105979225,0.102269952,0.098690504,0.095236336,0.091903065,0.088686457,0.085582431,0.082587046,0.0796965,0.076907122,0.074215373,0.071617835,0.069111211,0.066692318,0.064358087,0.062105554,0.05993186,0.057834245,0.055810046,0.053856694,0.05197171,0.0501527,0.048397356,0.046703448,0.045068828,0.043491419,0.041969219,0,0,0,0,0,0,0,0,0,0,0
90,26.45477754,0.965,0.931225,0.898632125,0.867180001,0.836828701,0.807539696,0.779275807,0.752001153,0.725681113,0.700282274,0.675772395,0.652120361,0.629296148,0.607270783,0.586016306,0.565505735,0.545713034,0.526613078,0.50818162,0.490395263,0.473231429,0.456668329,0.440684938,0.425260965,0.410376831,0.396013642,0.382153165,0.368777804,0.355870581,0.34341511,0.331395581,0.319796736,0.30860385,0.297802716,0.287379621,0.277321334,0.267615087,0.258248559,0.24920986,0.240487514,0.232070451,0.223947986,0.216109806,0.208545963,0.201246854,0.194203214,0.187406102,0.180846888,0.174517247,0.168409144,0.162514824,0.156826805,0.151337867,0.146041041,0.140929605,0.135997069,0.131237171,0.12664387,0.122211335,0.117933938,0.11380625,0.109823031,0.105979225,0.102269952,0.098690504,0.095236336,0.091903065,0.088686457,0.085582431,0.082587046,0.0796965,0.076907122,0.074215373,0.071617835,0.069111211,0.066692318,0.064358087,0.062105554,0.05993186,0.057834245,0.055810046,0.053856694,0.05197171,0.0501527,0.048397356,0.046703448,0.045068828,0.043491419,0.041969219,0.040500296,0,0,0,0,0,0,0,0,0,0
91,26.49386033,0.965,0.931225,0.898632125,0.867180001,0.836828701,0.807539696,0.779275807,0.752001153,0.725681113,0.700282274,0.675772395,0.652120361,0.629296148,0.607270783,0.586016306,0.565505735,0.545713034,0.526613078,0.50818162,0.490395263,0.473231429,0.456668329,0.440684938,0.425260965,0.410376831,0.396013642,0.382153165,0.368777804,0.355870581,0.34341511,0.331395581,0.319796736,0.30860385,0.297802716,0.287379621,0.277321334,0.267615087,0.258248559,0.24920986,0.240487514,0.232070451,0.223947986,0.216109806,0.208545963,0.201246854,0.194203214,0.187406102,0.180846888,0.174517247,0.168409144,0.162514824,0.156826805,0.151337867,0.146041041,0.140929605,0.135997069,0.131237171,0.12664387,0.122211335,0.117933938,0.11380625,0.109823031,0.105979225,0.102269952,0.098690504,0.095236336,0.091903065,0.088686457,0.085582431,0.082587046,0.0796965,0.076907122,0.074215373,0.071617835,0.069111211,0.066692318,0.064358087,0.062105554,0.05993186,0.057834245,0.055810046,0.053856694,0.05197171,0.0501527,0.048397356,0.046703448,0.045068828,0.043491419,0.041969219,0.040500296,0.039082786,0,0,0,0,0,0,0,0,0
92,26.53157522,0.965,0.931225,0.898632125,0.867180001,0.836828701,0.807539696,0.779275807,0.752001153,0.725681113,0.700282274,0.675772395,0.652120361,0.629296148,0.607270783,0.586016306,0.565505735,0.545713034,0.526613078,0.50818162,0.490395263,0.473231429,0.456668329,0.440684938,0.425260965,0.410376831,0.396013642,0.382153165,0.368777804,0.355870581,0.34341511,0.331395581,0.319796736,0.30860385,0.297802716,0.287379621,0.277321334,0.267615087,0.258248559,0.24920986,0.240487514,0.232070451,0.223947986,0.216109806,0.208545963,0.201246854,0.194203214,0.187406102,0.180846888,0.174517247,0.168409144,0.162514824,0.156826805,0.151337867,0.146041041,0.140929605,0.135997069,0.131237171,0.12664387,0.122211335,0.117933938,0.11380625,0.109823031,0.105979225,0.102269952,0.098690504,0.095236336,0.091903065,0.088686457,0.085582431,0.082587046,0.0796965,0.076907122,0.074215373,0.071617835,0.069111211,0.066692318,0.064358087,0.062105554,0.05993186,0.057834245,0.055810046,0.053856694,0.05197171,0.0501527,0.048397356,0.046703448,0.045068828,0.043491419,0.041969219,0.040500296,0.039082786,0.037714888,0,0,0,0,0,0,0,0
93,26.56797009,0.965,0.931225,0.898632125,0.867180001,0.836828701,0.807539696,0.779275807,0.752001153,0.725681113,0.700282274,0.675772395,0.652120361,0.629296148,0.607270783,0.586016306,0.565505735,0.545713034,0.526613078,0.50818162,0.490395263,0.473231429,0.456668329,0.440684938,0.425260965,0.410376831,0.396013642,0.382153165,0.368777804,0.355870581,0.34341511,0.331395581,0.319796736,0.30860385,0.297802716,0.287379621,0.277321334,0.267615087,0.258248559,0.24920986,0.240487514,0.232070451,0.223947986,0.216109806,0.208545963,0.201246854,0.194203214,0.187406102,0.180846888,0.174517247,0.168409144,0.162514824,0.156826805,0.151337867,0.146041041,0.140929605,0.135997069,0.131237171,0.12664387,0.122211335,0.117933938,0.11380625,0.109823031,0.105979225,0.102269952,0.098690504,0.095236336,0.091903065,0.088686457,0.085582431,0.082587046,0.0796965,0.076907122,0.074215373,0.071617835,0.069111211,0.066692318,0.064358087,0.062105554,0.05993186,0.057834245,0.055810046,0.053856694,0.05197171,0.0501527,0.048397356,0.046703448,0.045068828,0.043491419,0.041969219,0.040500296,0.039082786,0.037714888,0.036394867,0,0,0,0,0,0,0
94,26.60309113,0.965,0.931225,0.898632125,0.867180001,0.836828701,0.807539696,0.779275807,0.752001153,0.725681113,0.700282274,0.675772395,0.652120361,0.629296148,0.607270783,0.586016306,0.565505735,0.545713034,0.526613078,0.50818162,0.490395263,0.473231429,0.456668329,0.440684938,0.425260965,0.410376831,0.396013642,0.382153165,0.368777804,0.355870581,0.34341511,0.331395581,0.319796736,0.30860385,0.297802716,0.287379621,0.277321334,0.267615087,0.258248559,0.24920986,0.240487514,0.232070451,0.223947986,0.216109806,0.208545963,0.201246854,0.194203214,0.187406102,0.180846888,0.174517247,0.168409144,0.162514824,0.156826805,0.151337867,0.146041041,0.140929605,0.135997069,0.131237171,0.12664387,0.122211335,0.117933938,0.11380625,0.109823031,0.105979225,0.102269952,0.098690504,0.095236336,0.091903065,0.088686457,0.085582431,0.082587046,0.0796965,0.076907122,0.074215373,0.071617835,0.069111211,0.066692318,0.064358087,0.062105554,0.05993186,0.057834245,0.055810046,0.053856694,0.05197171,0.0501527,0.048397356,0.046703448,0.045068828,0.043491419,0.041969219,0.040500296,0.039082786,0.037714888,0.036394867,0.035121047,0,0,0,0,0,0
95,26.63698294,0.965,0.931225,0.898632125,0.867180001,0.836828701,0.807539696,0.779275807,0.752001153,0.725681113,0.700282274,0.675772395,0.652120361,0.629296148,0.607270783,0.586016306,0.565505735,0.545713034,0.526613078,0.50818162,0.490395263,0.473231429,0.456668329,0.440684938,0.425260965,0.410376831,0.396013642,0.382153165,0.368777804,0.355870581,0.34341511,0.331395581,0.319796736,0.30860385,0.297802716,0.287379621,0.277321334,0.267615087,0.258248559,0.24920986,0.240487514,0.232070451,0.223947986,0.216109806,0.208545963,0.201246854,0.194203214,0.187406102,0.180846888,0.174517247,0.168409144,0.162514824,0.156826805,0.151337867,0.146041041,0.140929605,0.135997069,0.131237171,0.12664387,0.122211335,0.117933938,0.11380625,0.109823031,0.105979225,0.102269952,0.098690504,0.095236336,0.091903065,0.088686457,0.085582431,0.082587046,0.0796965,0.076907122,0.074215373,0.071617835,0.069111211,0.066692318,0.064358087,0.062105554,0.05993186,0.057834245,0.055810046,0.053856694,0.05197171,0.0501527,0.048397356,0.046703448,0.045068828,0.043491419,0.041969219,0.040500296,0.039082786,0.037714888,0.036394867,0.035121047,0.03389181,0,0,0,0,0
96,26.66968854,0.965,0.931225,0.898632125,0.867180001,0.836828701,0.807539696,0.779275807,0.752001153,0.725681113,0.700282274,0.675772395,0.652120361,0.629296148,0.607270783,0.586016306,0.565505735,0.545713034,0.526613078,0.50818162,0.490395263,0.473231429,0.456668329,0.440684938,0.425260965,0.410376831,0.396013642,0.382153165,0.368777804,0.355870581,0.34341511,0.331395581,0.319796736,0.30860385,0.297802716,0.287379621,0.277321334,0.267615087,0.258248559,0.24920986,0.240487514,0.232070451,0.223947986,0.216109806,0.208545963,0.201246854,0.194203214,0.187406102,0.180846888,0.174517247,0.168409144,0.162514824,0.156826805,0.151337867,0.146041041,0.140929605,0.135997069,0.131237171,0.12664387,0.122211335,0.117933938,0.11380625,0.109823031,0.105979225,0.102269952,0.098690504,0.095236336,0.091903065,0.088686457,0.085582431,0.082587046,0.0796965,0.076907122,0.074215373,0.071617835,0.069111211,0.066692318,0.064358087,0.062105554,0.05993186,0.057834245,0.055810046,0.053856694,0.05197171,0.0501527,0.048397356,0.046703448,0.045068828,0.043491419,0.041969219,0.040500296,0.039082786,0.037714888,0.036394867,0.035121047,0.03389181,0.032705597,0,0,0,0
97,26.70124944,0.965,0.931225,0.898632125,0.867180001,0.836828701,0.807539696,0.779275807,0.752001153,0.725681113,0.700282274,0.675772395,0.652120361,0.629296148,0.607270783,0.586016306,0.565505735,0.545713034,0.526613078,0.50818162,0.490395263,0.473231429,0.456668329,0.440684938,0.425260965,0.410376831,0.396013642,0.382153165,0.368777804,0.355870581,0.34341511,0.331395581,0.319796736,0.30860385,0.297802716,0.287379621,0.277321334,0.267615087,0.258248559,0.24920986,0.240487514,0.232070451,0.223947986,0.216109806,0.208545963,0.201246854,0.194203214,0.187406102,0.180846888,0.174517247,0.168409144,0.162514824,0.156826805,0.151337867,0.146041041,0.140929605,0.135997069,0.131237171,0.12664387,0.122211335,0.117933938,0.11380625,0.109823031,0.105979225,0.102269952,0.098690504,0.095236336,0.091903065,0.088686457,0.085582431,0.082587046,0.0796965,0.076907122,0.074215373,0.071617835,0.069111211,0.066692318,0.064358087,0.062105554,0.05993186,0.057834245,0.055810046,0.053856694,0.05197171,0.0501527,0.048397356,0.046703448,0.045068828,0.043491419,0.041969219,0.040500296,0.039082786,0.037714888,0.036394867,0.035121047,0.03389181,0.032705597,0.031560901,0,0,0
98,26.73170571,0.965,0.931225,0.898632125,0.867180001,0.836828701,0.807539696,0.779275807,0.752001153,0.725681113,0.700282274,0.675772395,0.652120361,0.629296148,0.607270783,0.586016306,0.565505735,0.545713034,0.526613078,0.50818162,0.490395263,0.473231429,0.456668329,0.440684938,0.425260965,0.410376831,0.396013642,0.382153165,0.368777804,0.355870581,0.34341511,0.331395581,0.319796736,0.30860385,0.297802716,0.287379621,0.277321334,0.267615087,0.258248559,0.24920986,0.240487514,0.232070451,0.223947986,0.216109806,0.208545963,0.201246854,0.194203214,0.187406102,0.180846888,0.174517247,0.168409144,0.162514824,0.156826805,0.151337867,0.146041041,0.140929605,0.135997069,0.131237171,0.12664387,0.122211335,0.117933938,0.11380625,0.109823031,0.105979225,0.102269952,0.098690504,0.095236336,0.091903065,0.088686457,0.085582431,0.082587046,0.0796965,0.076907122,0.074215373,0.071617835,0.069111211,0.066692318,0.064358087,0.062105554,0.05993186,0.057834245,0.055810046,0.053856694,0.05197171,0.0501527,0.048397356,0.046703448,0.045068828,0.043491419,0.041969219,0.040500296,0.039082786,0.037714888,0.036394867,0.035121047,0.03389181,0.032705597,0.031560901,0.03045627,0,0
99,26.76109601,0.965,0.931225,0.898632125,0.867180001,0.836828701,0.807539696,0.779275807,0.752001153,0.725681113,0.700282274,0.675772395,0.652120361,0.629296148,0.607270783,0.586016306,0.565505735,0.545713034,0.526613078,0.50818162,0.490395263,0.473231429,0.456668329,0.440684938,0.425260965,0.410376831,0.396013642,0.382153165,0.368777804,0.355870581,0.34341511,0.331395581,0.319796736,0.30860385,0.297802716,0.287379621,0.277321334,0.267615087,0.258248559,0.24920986,0.240487514,0.232070451,0.223947986,0.216109806,0.208545963,0.201246854,0.194203214,0.187406102,0.180846888,0.174517247,0.168409144,0.162514824,0.156826805,0.151337867,0.146041041,0.140929605,0.135997069,0.131237171,0.12664387,0.122211335,0.117933938,0.11380625,0.109823031,0.105979225,0.102269952,0.098690504,0.095236336,0.091903065,0.088686457,0.085582431,0.082587046,0.0796965,0.076907122,0.074215373,0.071617835,0.069111211,0.066692318,0.064358087,0.062105554,0.05993186,0.057834245,0.055810046,0.053856694,0.05197171,0.0501527,0.048397356,0.046703448,0.045068828,0.043491419,0.041969219,0.040500296,0.039082786,0.037714888,0.036394867,0.035121047,0.03389181,0.032705597,0.031560901,0.03045627,0.0293903,0
100,26.78945765,0.965,0.931225,0.898632125,0.867180001,0.836828701,0.807539696,0.779275807,0.752001153,0.725681113,0.700282274,0.675772395,0.652120361,0.629296148,0.607270783,0.586016306,0.565505735,0.545713034,0.526613078,0.50818162,0.490395263,0.473231429,0.456668329,0.440684938,0.425260965,0.410376831,0.396013642,0.382153165,0.368777804,0.355870581,0.34341511,0.331395581,0.319796736,0.30860385,0.297802716,0.287379621,0.277321334,0.267615087,0.258248559,0.24920986,0.240487514,0.232070451,0.223947986,0.216109806,0.208545963,0.201246854,0.194203214,0.187406102,0.180846888,0.174517247,0.168409144,0.162514824,0.156826805,0.151337867,0.146041041,0.140929605,0.135997069,0.131237171,0.12664387,0.122211335,0.117933938,0.11380625,0.109823031,0.105979225,0.102269952,0.098690504,0.095236336,0.091903065,0.088686457,0.085582431,0.082587046,0.0796965,0.076907122,0.074215373,0.071617835,0.069111211,0.066692318,0.064358087,0.062105554,0.05993186,0.057834245,0.055810046,0.053856694,0.05197171,0.0501527,0.048397356,0.046703448,0.045068828,0.043491419,0.041969219,0.040500296,0.039082786,0.037714888,0.036394867,0.035121047,0.03389181,0.032705597,0.031560901,0.03045627,0.0293903,0.02836164
